Samples,MS_filename,NMR_filename
MR2011,20210429-009 - MR2011.mzdata.xml Peak area,20210506_-_MR2011.11.fid\n20210506_-_OLEO_MELALEUCA_MR2011\n200_uL_DE_OLEO_+_600_uL_DE_CDCl3\nSOLVENTE:_CDCl3\nOP:_BRUNO
MA2006,20210430-001 - MA2006.mzdata.xml Peak area,20210506_-_MA2006.11.fid\n20210506_-_OLEO_MELALEUCA_MA2006\n200_uL_DE_OLEO_+_600_uL_DE_CDCl3\nSOLVENTE:_CDCl3\nOP:_BRUNO
MR1904,20210429-006 - MR1904.mzdata.xml Peak area,20210506_-_MR1904.11.fid\n20210506_-_OLEO_MELALEUCA_MR1904\n200_uL_DE_OLEO_+_600_uL_DE_CDCl3\nSOLVENTE:_CDCl3\nOP:_BRUNO
MA2009,20210429-002 - MA2009.mzdata.xml Peak area,20210506_-_MA2009.11.fid\n20210506_-_OLEO_MELALEUCA_MA2009\n200_uL_DE_OLEO_+_600_uL_DE_CDCl3\nSOLVENTE:_CDCl3\nOP:_BRUNO
MA2010,20210429-003 - MA2010.mzdata.xml Peak area,20210506_-_MA2010.11.fid\n20210506_-_OLEO_MELALEUCA_MA2010\n200_uL_DE_OLEO_+_600_uL_DE_CDCl3\nSOLVENTE:_CDCl3\nOP:_BRUNO
MA2011,20210429-004 - MA2011.mzdata.xml Peak area,20210506_-_MA2011.11.fid\n20210506_-_OLEO_MELALEUCA_MA2011\n200_uL_DE_OLEO_+_600_uL_DE_CDCl3\nSOLVENTE:_CDCl3\nOP:_BRUNO
MR1803,20210429-007 - MR1803.mzdata.xml Peak area,20210506_-_MR1803.11.fid\n20210506_-_OLEO_MELALEUCA_MR1803\n200_uL_DE_OLEO_+_600_uL_DE_CDCl3\nSOLVENTE:_CDCl3\nOP:_BRUNO
MR1811,20210429-005 - MR1811.mzdata.xml Peak area,20210506_-_MR1811.11.fid\n20210506_-_OLEO_MELALEUCA_MR1811\n200_uL_DE_OLEO_+_600_uL_DE_CDCl3\nSOLVENTE:_CDCl3\nOP:_BRUNO
