Samples,MS_filename,BioAct_filename
MR2011,20210429-009 - MR2011.mzdata.xml Peak area,MR2011
MA2006,20210430-001 - MA2006.mzdata.xml Peak area,MA2006
MR1904,20210429-006 - MR1904.mzdata.xml Peak area,MR1904
MA2009,20210429-002 - MA2009.mzdata.xml Peak area,MA2009
MA2010,20210429-003 - MA2010.mzdata.xml Peak area,MA2010
MA2011,20210429-004 - MA2011.mzdata.xml Peak area,MA2011
MR1803,20210429-007 - MR1803.mzdata.xml Peak area,MR1803
MR1811,20210429-005 - MR1811.mzdata.xml Peak area,MR1811
